17765013,odersky
14451677,tackers
160171917,sky1uc
6345572,csar
1238971100,takipid
79906250,derekhenninger
46130870,richhickey
14459351,jstrachan
15177704,jroper
18160154,jboner
7773542,runarorama
39728206,bantonsson
13240282,vdichev
101880833,mehnaz_d
12381352,WardCunningham
36203838,ErikEngbrecht
29444566,milessabin
18713,al3x
26864569,dcsobral
54610272,mabrewer7
148486651,jaguarul05
19418890,jsuereth
3031548309,HaskellCEO
15224269,tedneward
14870980,mariusdanciu
71042068,ekhfre
752673,jeresig
7601752,eishay
14622451,etorreborre
690213,hellige
109690809,stephaneledorze
22874473,heathercmiller
8495542,sirthias
14529770,gafter
17606964,BartoszMilewski
501190114,Precog
207629091,rexkerr
258418980,BruceEckel
16935750,jamie_allen
2264250288,ScalaTimes
7401782,dmarsh
68762452,michelschinz
77062104,nadamin
46716039,iancjclarke
7534882,lrytz
29976216,honzam399
126226388,jaykreps
61135090,joshbloch
30200730,bvenners
15232432,deanwampler
56078861,rolandkuhn
19044984,jamesiry
21493276,n8han
648533,tylerweir
135231570,oxbow_lakes
18994558,jaguarul
188404315,coolscala
19891278,klaeufer
24268304,w7cook
15016065,hlebret
15948437,spolsky
201130645,matei_zaharia
14302386,adriaanm
14141630,daveathomas
52061552,viktorklang
11870942,sushila
788835,dickwall
2553304388,li_haoyi
8125452,ebowman
14964371,wpugh
140210976,Coderspiel
22350037,venechka
410939902,headinthebox
500704345,Pontifex
9417742,dcaoyuan
34778769,springrod
19150497,virtualvoid
5988062,TheEconomist
14270033,cquinn
29467976,cage433
48063062,ennru
799616,_JamesWard
14368342,DRMacIver
48783,dff
150,stevej
96762963,Dillenbourk
9889292,nraychaudhuri
14748538,jherber
17196443,playframework
5839352,boia01
3930521,dpp
41674718,m_st
13873012,dgriffit
51942320,suresh12345
36032139,OlucaO
14573681,douglea
43522344,den_sh
40653789,burakemir
146948976,StefanZeiger
15740484,mircodotta
6562002,debasishg
48823,havocp
6586332,djspiewak
32086352,vpatryshev
19757713,hseeberger
1279634682,typelevel
17863888,ijuma
16979139,ilyasergey
1941471,tlockney
33453372,Bertrand_Meyer
6604192,julienw
44093797,ck1130
98145567,helenaedelson
474974342,alexprokopec
16602164,typesafe
81089820,carloghezzi
17530305,javaposse
26724164,khayes4days
249073676,huntchr
15402047,yaaang
20013285,alexcruise
14253068,mfeathers
181862144,xeno_by
16587559,khrabrov
16299300,RRSchulz
353768648,huitseeker
6197182,ricky_clarkson
6001592,JorgeO
1221300014,scala_lang
16598810,fsommers
21599649,richdougherty
14639927,BrianGoetz
205343190,jonharrop
40545671,Gilad_Bracha
5047741,pk11
20446663,andrewjkennedy
47922217,itsdodid
26209148,gkossakowski
4325301,retronym
14265133,vjSaraswat
55532730,tbjerkes
18106594,iamwarry
315265842,cvogt
58605190,jeremysiek
16891384,KentBeck
5961382,rit
311060340,scalatypes
18897186,MTBracken
124747621,maxharlow
14707949,markhneedham
28016036,barenakedladies
52010763,davegurnell
14239940,wkris
14183622,pingles
645143,tirsen
2272871257,elasticmark
13334762,github
12084382,boicy
19682566,lhawthorn
177222334,GidsG
66353093,colbradley2k
2041901,stephanfowler
2200430353,Matt0Brien
2563225854,swarmize
13094142,danlucraft
15753421,maireadoconnor
20138253,Salcg
15931571,NickBown
1418226890,MBSSAYS
680013,igorclark
14581910,robertpi
10232022,mkramer
292380967,twtrdaithi
17271117,jdegoes
487390535,PhilipWadler
80262276,newsmary
51503938,MadhviPa
14375055,bmjames
89721102,uktechman
16681111,caitlinmoran
20326751,GreensladeR
138823724,guillaumebort
14697612,pigsaw
6489102,arctictony
9346302,casualjim
15907968,syl_mat
121202509,iansaleh
749693,cv
27212264,KathViner
127006698,LittleKenLu
23605736,crifmulholland
1784991,SeanClarke
14493781,mpatric
19156397,hemalkuntawala
17779075,channingwalton
13277252,davidgreco
15123574,timperrett
14497864,tonytw1
812186,dvydra
43566598,jenkinsci
14531650,martinhearn
41199313,apcj
320958345,aidangeary
19476865,GreggCarrier
148094078,jonphyde
27052339,jliszka
30737765,jonnyeight
23006699,jteigen
48445014,cantlin
62486272,indeox
7288022,adam_d_scott
7328982,kob42kob
14301286,MartinBelam
16111664,mbrit
316327455,AgitApp
664783,andystopford
192537523,gregdetre
34270918,amontalenti
14113798,anjali28
9515072,mkaz
12497,simonw
15180852,pilhofer
10224712,pcalcado
18808263,shs96c
6108292,samnewman
366656774,gallaghereditor
14599168,jsvaughan
67813,mattmcalister
53896134,silura_globosa
87395781,jameschesters
14561327,dhh
17949156,JonathanHaynes
40713876,jamesrbuk
372475592,getbootstrap
12539,revdancatt
14671904,Carrie_Smith
278108566,scalathon
57485925,TheBeatlesRB
344609155,DanielBodart
56471126,patforna
119837224,jasonbaldridge
459094607,Gshtrifork
27203725,chrismoranuk
16735725,yoted
4234581,joestump
49989604,jimparkins
19367943,rebeccaparsons
15431118,Souders
52384313,fgeorge52
13010422,JoannaUK
19534873,arusbridger
19730459,AndrewMiller100
14320109,forjared
14734811,adolganov
1976611,rtm
82243,jemimakiss
116177839,annashipman
15937974,IsabelPalmer
26975453,kaelig
19324013,rossabaker
14360971,Rellix
14724529,adamnfish
38387473,erikdoe
18520129,LizDouglass
99404976,BNL_Fans
50706020,gsingers
8609252,yrnclndymn
9594362,AndyDavies
52980288,zoonabar
6453512,yoast
26039521,chriskeetch
44911552,marysaints
35720019,paul__johnson
560458773,Sheenaluu
14770578,joewalnes
38474558,theefer
7011602,shfitz
12089792,adamamyl
14552480,lunivore
9580822,postwait
14782825,Linklad
14589270,humajehan
301423717,jillisfab
16203105,jamescreedy
257665735,kieranbass
15466820,cressie176
15026506,Bufferine
10984712,mikebroberts
14466413,LordCope
17130679,lynsey_s
28136479,mollerstrand
18273442,thecoda
14164249,tomskitomski
389027570,wpf500
91934904,meghanpgill
22037651,brianclapper
67013,JenniferSmithCo
14830884,capotribu
275506593,n0tice
36621283,Arome111
4558,harryh
2276851,DanByer
853471,stef
147912967,meropemills
1497,harper
34722763,imjsilva
14724354,nephel_
84177126,paul_haine
12772,andyhume
15971607,negiiin
162283,eed3si9n
40212366,dansabbagh
385454866,rtyley
18808047,tomsulston
292969602,IanBeetlestone
16076032,ggreenwald
15643922,jenniecohen
18520292,steppenwells
16472825,darrenhobbs
128961962,room271
143883,sogrady
14307016,kenlim
94172043,jonmdickinson
2981431,acroll
22066036,techbint
113660128,implicit_ly
16102098,PeteM
245528717,jenny_sivapalan
14118631,sf105
45413510,iankatz1000
2195130594,FastlyStatus
262431121,mschireson
818740,Piersj
51285303,fbettag
48513240,sihil
274049557,molitoreric
347297521,annabelchurch
21410563,iansrobinson
60877290,angeashworth
8131122,cyanogen
27779048,benjaminparker
84512601,elastic
46653590,openplatform
24160034,intellijidea
4994591,aslak_hellesoy
10447562,nicnewman
18847562,cagan
818777,moorej
15129265,wblau
13710982,seanparsons
178750719,sarahjwells
40646710,jimbarritt
127583,chacon
12896,charliebcatt
14115508,petren
127486461,kit__cross
5970492,andy1138
78975709,natpryce
735596978,Sherbet_Noin
15651460,tylertate
15278722,estei
182953109,blagdaross
63290811,jeffrourke
175624200,ID_AA_Carmack
27254557,ItJustBroke
19100583,indrajitr
42007556,benjammingh
127041813,sdeboey
84096911,nickphines
16665197,martinfowler
23984121,robertomango
14409295,brunns
1169382182,PCAJamie
18590606,carlideysel
10502712,grahamoregan
19909555,Josh_Gallagher
90640376,prasinous
435312466,solofs
156322801,1akarim
14960198,MikeFisher_AKF
617133,mza
71505643,AlexGraul
18093,papalozarou
564816665,PNerdy
60093,d6y
16083531,karen_loasby
10295842,velocityconf
15206954,benjilanyado
142060223,spinscale
43298910,HakanRaberg
60385618,ajdant
113138797,angus_fm
11435642,jeffjarvis
104514798,anderseri
6544052,kimchy
14671368,rrees
18290639,aj_ux
14638594,james_rodgers
42469463,flowchainsensei
17456106,msukmanowsky
7665302,olabini
19014593,dustinwhitney
77034099,CyanogenMod
322778584,timbostokes
13863482,lifeofbell
122674594,lord_winkleton
19108813,subhajitb
14200360,qedtherese
261546340,hipsterhacker
191825309,bhenerey
5959342,charlesarthur
17314806,antsullivan
19508182,minglis
40439147,lizzytea
14526430,tastapod
755470,waldo
10641322,noahcampbell
13719512,louisecwhite
1489691,emilybell
42654085,loggly
9617282,gregyoung
1198537832,coreoslinux
320268299,_JustinPinner
8145762,jabley
119420984,scalate
15685575,jezhumble
15467458,Sadache
19900957,serby
97435389,gersei
50956346,pavelfatin
14937051,patrickhamann
24350283,mrjimarnold
13196272,stochastix
60339361,builddoctor
16110539,tcordrey
80703,garethr
34369843,nosh_p
15571887,darkgreener
14931873,eliasbland
206283535,waldojaquith
14132114,mattpointblank
7174952,lookatbowen
1757021,emmasax
124519461,giantronic
111875554,ryangreenhall
17660481,abigailedge
32131750,shufgy
112434658,ZackersTackers
439249277,underscoreio
760670,paulcarvill
13521812,jimwebber
167499429,DEVOPS_BORAT
758949468,gdndevelopers
64197815,ruby_voeller
86306368,szczepiq
18812532,gdb_
83655566,patkua
81583023,grahamcbrooks
21567037,OliverJAsh
16402317,icklecat
14526378,nasrat
64734371,jr0cket
19426897,savagematt
13050812,tsmarsh
14880669,commuterjoy
15629200,stubbornella
14049192,bruntonspall
13194,janinegibson
18760339,glen_ford
170718652,propensive
5211101,daelen
115756401,jaredlives
16550758,RicRoberts
41049577,TroyHarrisOz
8050662,robb1e
471287735,GaryLineker
9213742,robey
6279162,softprops
14149499,simpsonjulian
19394186,charltonbrooker
82124619,cartwrightian
89992938,video125
21927673,stephen_abbott
79768438,ivanrmoore
14462827,philwills
447054109,lindsey_dew
16313,cuica
13378422,allspaw
268349503,gdsteam
14515998,mikemasonca
74496947,Hooliaaa
24870588,ccharlesworth
18028249,jonronson
338310113,unique_rex
14130951,kings13y
14496524,grantklopper
41588131,tompino
593088642,UADetector
15590193,wfaler
595689564,AWS_UKI
396830799,ChrisCundill
279606081,AjeyGore
6844292,TwitterEng
7311232,triblondon
16517907,cread
12393292,matwall
6705042,bengoldacre
227438195,HairyFotr
105452361,ivokendra
255211831,nremond
111539364,h3nk3
16818440,corruptmemory
132951521,hywel_evans
37239338,MattRussellUK
281695709,francoishelg
117934629,walkstherain
201669422,tailrec
21311342,extempore2
1155258356,JUGLChallenge
118185789,patriknw
14948562,stefan_verhoeff
1382893914,ScalaIO_FR
38877547,ximon18
16301755,neotyk
1647937651,pingconf
25016110,prapicault
1183041,wilw
12726422,wilfredspringer
38932740,RoemieHillenaar
12876952,elmanu
14349496,Mads_Hartmann
119147634,JedAtWork
320373620,bescala
22521914,ATK
270548301,northtechinc
298215863,sjrdoeraene
111925469,wilcokoorn
16905598,eamelink
117884044,ScalaIDE
10219792,christzolov
1078941,nocivus
5748162,will_sargent
484936561,PLT_Hulk
1947072912,HardSciFiMovies
33849754,aussieOllie
300716621,ticofab
222466279,samitbadle
10244922,pufta
920378737,thescalawags
449981823,MarkusJura
277071665,vihartvihart
226533939,dionnicolaas
167733320,ibzero
77456164,LANDEYves
118188722,SjSchilperoort
69531802,PolyJapan
101827280,wamvince
26369113,decomputed
935419405,pellucidapp
14944566,invisiblewife
150256163,fikovnik
12107362,aspra
1029331,durdn
7173002,flixz
28601180,chuacheeseng83
249187121,lwmasterson
19339223,frankvisser
766415696,drewhk
614884262,oliverpocher
24155760,Synology
176774540,cgpgrey
2343346603,Sky_Lierhaus
9850782,LotusCarroll
323356491,SClarkeWriter
2369399605,JensGrittner
1367254122,ClausKleber
1283561876,BSchweinsteiger
2180998888,CMetzelder
93711247,AndroidDev
67448095,CuriousSkeptic
83147502,ya_f
355172912,SpecSitInvestor
168987151,veritasium
16436452,nuttycom
14184390,stuarthalloway
1698443299,BeJahangeer
382267114,Android
2369031,andrewescott
13348,Scobleizer
14230524,ladygaga
595822244,larryellison
2303999868,ThomasHitz
6825792,ibogost
65607107,DiePARTEI
113963,Werner
19697415,billmaher
95255169,TwitterDE
295900814,HansSarpei
1273371336,Chainphoria
115044590,nico_rosberg
218746163,odutrephoto
21536116,pchiusano
14677919,NewYorker
14753702,bileblog
55801369,drororbach
35773039,TheAtlantic
66780587,awscloud
10810102,JohnCleese
20571756,satyanadella
349143448,PureNietzsche
14246529,_Mr__Sunshine_
378693834,peteraltmaier
304342650,MdB_Stroebele
533085085,MesutOzil1088
19725644,neiltyson
493278212,JB17Official
458966079,NeinQuarterly
19302979,Stacy820
50393960,BillGates
6463242,tsashkis
212963292,koljo_petrov
395477244,tweetsauce
62581962,shitmydadsays
21237045,Flickr
992182100,RatingsNetwork
2413011625,ClippyTheClip
15113373,edmondlau
183749519,paulg
35206553,meganamram
390533572,blairzajac
157974511,SturmBoxing
758949049,officialbrandao
14083155,Slicequeen
1372265538,drosselkom
1502111,Rocketboom
60386835,GerardPrins
241310697,SofiDuval
5490392,Ustream
133234812,MarcellJansen
1353989178,Mariobasler
158414847,TheDailyShow
44196397,elonmusk
15234407,CERN
21349077,jamesgrime
38147543,bartcb
14275405,chervel
17814938,Storify
144884794,TheBorisBecker
14569541,puredanger
160533517,marrylor
1670174994,esmuellert_
573918122,qz
1095837427,arnefriedrich
1344951,WIRED
52381876,edfrenkel
34378407,mizuku
2163421022,OncoGenex_IR
2467709863,BARBEValrie
376585411,dart_lang
440686069,akkateam
6769622,tedforbes
524747507,PLT_Molyneux
234343491,RegSprecher
14134114,joannecolan
1457392741,RamGabay1
10743832,henderob
142730813,mertesacker
205195655,maxplanckpress
121656574,froknowsphoto
216043045,HaskellOrg
342599843,MarioGoetze
955605308,BeneHoewedes
15473958,MarsCuriosity
14429713,venkat_s
2730471,crazybob
612331433,beckenbauer
30112797,Cazillo
14100751,ethevessen
1364930179,WarrenBuffett
200814625,SophiaAram
2239940184,lolmythesis
41566886,ophirafek
1653968712,coverscreen
2803191,intel
326195345,MattStrassler
246141514,Horst_Eckel
119792576,PrimalLens
76341103,colinmbullock
321029318,minutephysics
1269425228,Manuel_Neuer
23187593,dieternuhr
368220699,Andre_Schuerrle
376898461,UrgentDeveloper
16130330,symmetrymag
1132994426,BiIIMurray
204832963,TheTweetOfGod
2359476565,matshummels
273468342,AuswaertigesAmt
16303106,StephenAtHome
210234748,JoelTjintjelaar
302666251,Raspberry_Pi
18626846,delabassee
749583,mrhinkle
145135776,pjuza
2230584562,ScalaBcn
556239136,ppremont
83795190,MariusHE
27537837,kelleyrobinson
6774892,jedberg
16423144,pheathwa
51022621,helton_souza
26894723,martenmickos
13844682,shloky
2837426437,PinoBatch
2292883632,Java_EE
14405825,mesagie
26755459,jodastephen
22346058,davidbaakman
3018801,cuddigan
14442748,robdiana
134629412,LukeAtherton
16040151,caxaria
1875988466,virtualJUG
110263990,adrno
65573,dan_mcweeney
25897388,GeeCON
537137196,ayushmishra2005
2216958990,programmercito
12523662,karianna
1363038476,sorincos
2494293151,DoraGhecenco
377917105,jlemoine_algo
11567242,alex_lisle
14364900,robinhowlett
171672068,epatwon
95419886,egjug
15835315,reinhold_becker
16244914,mslinn
126601155,TomaszDziurko
17408320,lincolnthree
603018170,TSS_dotcom
10246352,jmgomez
205749261,motxilo
6334512,kis
1493604690,kaa1oo
1190966953,michael_at_work
183016112,jarekps
21739792,SlimTebourbi
14715008,kcpeppe
15216778,xbo
15710349,huxi
28119502,lean8086
133064583,hbrkktby
893214032,nukemberg
240270909,mastertheboss
1562518867,databricks
28535233,ygrenzinger
19792221,jubileeriots
12943542,sjoonk
65366928,hmvprasanna
1568746998,spodkowinski
18667883,marek_jelen
82099356,jaxlondon
424094014,AlexeyBuzdin
28764620,cfalguiere
31867293,taitooz
18018665,mauriciojr
15583376,giltene
165058987,taylorleightech
1240054164,BountyBot
1539822404,JavaFact
131684189,dannyzamo
1957458986,datazenit
89406930,gsaqui
293955848,wolflook
220165520,codeship
24881643,michaelss
770201,erremrt
24678892,evgeny_goldin
14858358,bjburton
60582662,maurotakeda
1054635584,BittnerPierre
8630302,dlwh
68459659,benontherun
15310921,bossjones
963250632,VladUreche
6854862,mattmcd
243154646,LWJGL
14063742,edburns
17781158,ptrthomas
326888401,PeterLawrey
97535355,svzdvd
415705196,huseyinzngn
16132186,jruby
14463088,skuro
14448754,domix
3453061,mbaizman
2436041089,meadowsp99
20156801,wickund
2514177384,TonyKolenc
2153097441,MichaelPisula
42373683,johanvos
18577824,iluwatar
44188191,ignasi35
112981509,ozgurcd
15767601,fungrim
4642951,swartzrock
45771391,MelissaVoegeli
248675866,codefinger
5236871,thedanielmay
2169817502,JavaBlogger0
20124152,stuartmarks
16513072,majson
6891682,yfain
46256650,ferreira_hugo
131352344,rusmeshenberg
9607262,david_luna
15026218,vinodkashyap
48364078,carloschacin
53808099,EdduMelendez
41996886,MaxGuernseyIII
18362831,kumarshantanu
18147779,porcelli
69080265,121n3
14211074,svenkubiak
80905225,everett_toews
2736671683,java_il
459469699,rchenmit
16511000,flemouel
15241228,Cfx
237223623,jonifreeman
21762473,rspilker
19313089,pjkrill
9316452,xamat
15089675,mrjink
1873661760,JUGru
4049101,ayax79
17955298,GaryStafford
13033522,michaelklishin
87213511,jugsaar
65467155,narkisr
1871519372,d_m_fox
14537182,damonedwards
18432029,tinyrobots
23963755,grahamlyons
23806061,sjmaple
464859826,therestlessroad
17334287,codemonkeyism
471084316,jak_sky
25731201,alvinalexander
16030207,kaffeecoder
532608688,puniverseco
12263852,_laurencer
2238559349,Lecomte01Romain
18722816,ShervinAsgari
227058837,ederign
381687774,dzharvis
6510972,travisbrown
17188903,evanchooly
45695901,bhakti_mehta
94293179,Bscutt
176190376,tkfxin
40260431,Afty698
1737011,javapapo
166998234,jmfaerman
15884764,r39132
2272235102,VladimirNovick
900146322,mon_beck
41771848,GjorgiJosifov
181214200,xuwei_k
14782935,DZone
473433358,AndriiRodionov
19933191,kevinbehr
15055314,jarrod_dixon
247371654,resquito
67941687,janstenberg
148091374,xtecuan
14715299,miguelfuentes
8479172,gualberi
15638952,farnulfo
1946871116,scalarconf
15854006,vijayv
14696873,ingenthr
1548547333,tabdulradi
578757425,viktortnk
2409176790,peterjevison
1883193710,vogellacompany
904047793,RebelLabs
18888820,reiddraper
52413000,robsmallshire
72574217,Mr_Matt_See
20306031,miaoski
66992802,PKGoetz
386170457,NetflixOSS
37434214,RunsAsCoded
30632078,chenharel
108973855,cakesolutions
39222068,kachayev
176737258,internetsurfing
17668201,Lakshika_r
44704718,javatv
41104151,fredferrao
25071640,maroffo
2379365557,amichalo
15436161,Han_Cholo
7178502,kf
281616805,hlgr360
8003862,diligiant
615185860,javatomte
376215298,nbize
174379786,Bitbucket
54186570,sandromancuso
81929622,chepurnoy
148873642,tombujok
1092743252,haamaanaa
1510534015,ArenCawk
1479825740,TomaszRomanski
6183202,Stephan007
2505051,davidfekke
111908651,deeeet
342926832,kiaaaana
28053546,mdoninger
9670932,johnclaus
516104010,BrianHauerTSO
867125797,radcortez
523929270,aaronmblevin
274151898,clunven
85879952,djvdorp
33891211,yonatanrf
633076789,DailyGrailsTip
256272086,VaedaSynapse
419002731,JavaOOQ
15413630,Imifos
105902035,willmorejg
719354688,ShadajL
377139166,craig_tracey
2736915078,cmpxchg16
14375294,bitfield
1324826448,jclarity
238675857,charleshumble
2319739884,hipster4j
192899799,samtoddler
812786137,petr_zapletal
35243,mudge
314493714,Sander_Mak
19734656,RealGeneKim
267656793,jjarecsni
18299065,badgermind
245833480,polishjug
14727503,loiane
45396736,mmdogan
16376130,pregopresto
281411962,klaraward
226534460,jtdeane
227857450,bettomcrose
35013590,rgeorgiev
1341775416,XavierLauper
126053953,ajermakovics
1169851519,czechscala
250738487,FuFanboy
15421741,erikweibust
112658299,feshob
17842396,trukhinyuri
545079728,billbarri
100265000,evonox
48354096,sonyabarry
48753462,LakeEmerald
359150777,heavybit
17049815,DellCloudMgr
1022008639,nitsanw
9505092,unclebobmartin
318497570,reggoodwin
235544534,rejasupotaro
14463232,greenm3
55804557,meshanky
2189773659,felix_b
14131464,futurechimp
38658962,jsonmez
565672040,abhi_tweeter
10860922,acaicedo
117221150,peter_zonneveld
492997761,tveronezi
168848372,edu2b
11352392,adamwarski
63316515,makoto78sasaki
1261134528,CIOs4Cloud
16855276,samaxes
25573483,jimschubert
668133,Mapio
824776921,Evanfchan
557713614,theo_england
68652518,xvinz
252647166,Symbo1ics
155621556,NebrassLamouchi
102049766,g_scheibel
373804979,priitpotter
24742031,juliendubois
18364654,jreuben1
14291232,ivar_grimstad
15442198,ramnivas
2155041,fawad
23090019,binitamshah
33534969,jplmelanson
53283114,frankgreco
1725146324,mike_c_f
19208994,maxkatz
196268474,jug_chennai
283656928,Bargior
18766610,altfatterz
866589110,ivan0yu
2414601722,odylewski
15925986,gregsbriefs
15821538,hannesw
2293299876,luchiproglang
93970317,wdgtweet
6640242,jbravo
16171758,ntschutta
347242157,EricPrunier
7383632,jeffmaury
15172295,yarasenger
14260984,eliasterman
28070797,EyalLiebermann
229285768,jedws
225021775,rodrigoropr
1072027086,RxJava
28197765,jaredwray
114035943,hasselg
33900585,saschaklein
16468695,mccrory
157334349,lavkushpandey
40892481,chvest
111557780,XtlCnslt
27206572,julsimon
31687642,scalaBin
577196125,JoseGpeHdez
44814480,jovoordeckers
14357223,edyavno
485541553,dkoller82
2531497131,__kartashov
804375996,javamissionctrl
526339343,speakjava
637533,coda
17615701,cedric_exbrayat
18080585,MongoDB
2911461333,DanielaSfregola
174942256,haifengl
194922947,ttekun
103531636,booschie
19524470,HagayLipman
23010108,joneaves
16167568,b_grossmann
14115504,jheintz
175091719,KarlTheFog
479776496,krlvi
223055648,davefarley77
35299434,terryhealey
63578554,Devoxx
1063580948,noctarius2k
204105307,brunoocandido
14299819,mreinhold
16497295,AmitBD
573048915,ScalaPuzzlers
41455864,Chrissom_
121757122,07_0rgh0
1225096070,WebOpsDaily
154979253,Hikaru_95
458547677,MkHeck
17662849,tomaslin
45156415,vonjuliano
19993505,zeroturnaround
549984857,stokito
43114499,Doff3n
21285847,mmajis
344161808,_davidphan
213249580,vicsstar
795285,espencer
290675657,AnatolSokolenko
47263818,NitinR_
14563909,josh_marcus
490719138,ejusdem_farince
250051705,ehdez73
598079749,koantweet
19420041,smathieu
13036132,philwhln
17302442,svjug
14578294,josh_wills
2344116498,gotHighOps
121134484,rkalluri
389340569,alexaarons
575254759,MaximeLasserre
21146604,gspaff
216630877,svenpet
16753226,hullsean
51876257,bozhobg
205795059,OlivierBohrer
2388143330,pleasebeunique
13396592,dphipps2003
12526082,dnene
701850474,vfarcic
23292835,maroph
10523232,surial
11125352,cab1729
766666,danaoshiro
29463296,dhable
25660238,esusatyo
2151123708,hendrikdev22
17818562,BradleyRoss
229709694,Prismatic
262534519,bharathtalks
33493,peterc
222945169,safeforge
252020185,tommysdk
14281221,mmarschall
17294299,amstutzIT
2300437440,kamonteam
32308018,JavaJohnZ
136962807,nikolavp
534775102,daniel_mroczka
16271896,iofit
380546125,slowcoding
391529907,EricHerlitz
64674111,tbsalling
63066404,davidgimelle
378047585,frank_appel
793968056,theNeomatrix369
317650944,Quaiks
2801974764,Cassandra_411
222517171,MarcelBruch
46473269,agoncal
612644469,joyfulv
98092844,skstronghold
26753902,jcsanchez_
38856871,gkamal
282739245,shipilev
20685772,ggregl
62867783,andrei_me
3961541,klintron
60320099,FilipeNevola
29639366,javahispano
1327856678,BeyondJava
381361592,BarcelonaJUG
213237686,chenkelmann
214661070,pazguille
153881130,colinwfletcher
1197290587,tudvari
38385999,interfluidity
56957026,dvliman
19218984,gortok
1367767688,PieterHumphrey
14547923,NedTaleb
223911499,otaviojava
20802091,AdamBien
91168371,krisztianbalog
14361540,smeyen
16221143,__markryan__
14296056,DonaldOJDK
1106096840,stackshareio
120081421,vpadure
1523493355,ethanli83
17674789,Vetal4eg
15649735,patrickdebois
30243559,Keruspe
52205623,jtamviegas
18516535,byteonic
15981533,burrsutter
193933472,jcp_org
218936894,MoroccoJUG
452587978,BrsBal
8414132,robertnyman
29616886,jcversan
14566379,brunoborges
409729884,jcrodriguezu
1006391,PaaSDev
193302716,AlexTugarev
14640100,mojavelinux
14586849,ryantenney
46518661,victorR2
410080051,piceberg
2293199852,hootsuitemike
2239239740,joddorg
18733657,perwendel
381656569,jobarop
49586611,Idered
262794465,raoulUK
48644524,pere_barcelo
54824971,Yarikx
45033952,iotdevzone
57591841,JAXenterCOM
148073347,marianongdev
10273742,benorama
225097272,yegor256
18526797,JeffASchenk
2287137541,DeleTaylor
23777840,lnxchk
816192506,javanetbuzz
310216992,dave_mouser
326330413,pdudits
131925123,nathansobo
2704201,craiger
14678973,matthewmccull
14809991,magnusljadas
16401299,ereteog
25500396,b_thuillier
314118611,mrhazell
101684576,mariocartia
217091968,belyaev_andrey
38562109,TheNewCircle
292545052,jtgreene
76290040,juhasiltanen
2255336726,vlad_mihalcea
52011111,Palsenberg
102995293,gpwolf
15205271,pkarni
2824958945,bibonix
120222891,JoeHega
474087360,flatmaposlo
29678151,waxzce
199209052,TheOTown
13816662,toomasr
298984022,KarrasChris
16110451,sebrose
100576889,ilijaoh
38003146,jfrog
13511492,tormodh
142789385,toddlmontgomery
452405606,odimulescu
114957641,yanavery
14533446,htmfilho
23014082,horochovec
134704026,hailpam
19335866,Azizur
266605690,juho_pekkala
24486634,JeffJJensen
887211842,tomitribe
87547540,gangoffive
1188842874,JustCiaran
14246782,snipeyhead
39217662,fuadm
15438659,jkff
12522262,platypusguy
2293875476,conescala
55271653,jg_sandom
30841465,softmodeling
783289,chrisguselle
1140709448,Elastx
157448916,Stratalux
1460194494,ScalaCourses
164217471,normanmaurer
14048110,Crydust
36544918,techmedia_think
19335835,csoren
14586723,lusis
2298360643,matcornic
90711767,markusbk
24984249,oztalip
123612314,jpbriend
43133273,erbetowski
592507036,JulienDambron
831537756,Oraclejavamag
19712737,kukugt
18266843,JavaPerformance
7429052,BuckBullet
268923861,vkostyukov
95628896,mitemitreski
18064071,erickxls
95807073,pajamatron
1363983000,UmairGhummman
627959480,agopalpuri
16601896,fere0010
103833062,ymeymann
2381772335,voxxed
387302600,warsjawa
18293449,integralist
1131671724,inavarromartin
100711909,PatrickMcFadin
490485465,WarszawaJUG
15999762,sundararajan_a
11936592,hofri
9649012,mbarcikowski
16345873,skillsmatter
14686988,brjavaman
14215989,nkhalasi
400057397,aptly_crm
14127929,madcyree
19632836,Psqrd
2198165738,RafaPaez_
18625267,tony_hsieh
20271813,jeremywen
560454290,algolia
253537513,AL333Z
2889410509,dmitriyyefremov
146070339,planetclojure
1216152452,guyremond
312246626,shanejarvie
14212316,mraible
6548582,mcmd
140762219,jlambregs
1119467184,amsscala
16377075,javatotto
128818109,BigDataSc
1591601869,Java_Agent
76722306,atriam
13128922,fcassia
45553317,erlangfactory
205848662,nathandotz
33844753,bmoussaud
104514095,eryzhikov
9548932,pcamacho
930675566,Andrew_Shewring
266486772,tnurkiewicz
72292440,jaseemabid
21761364,smogami
169426432,khoubyari
536097774,CrazyJvm
49413866,randal_olson
5377102,keeth
50013926,wernerkeil
2385652268,UnitAPI
146441370,c05m1x
34502190,jakeout
2589279860,scalapeno2014
100209115,jerrinot
27504001,bgoetzmann
29736416,antoine_sd
20436240,julien_ripault
1914205746,iwechsu
1143930884,Rainefalle
263859089,golovashkin
84027695,codepitbull
43298490,jalbertopaz
391975785,BlazeMeter
2388728406,Pa6l0
2287152228,marcin_kubala
277437617,codemiller
29101445,miguel_afd
256883574,dcheJava
2847008139,VoxxedTicino
47863526,benjchristensen
15981775,Zopim
53915504,ThiagoPonte
150820027,javacodegeeks
80670854,jllado
11687162,andrewsmhay
613669083,baunes
8041522,d6
2738960136,eavesCliff
21081352,neilmcer
128029677,VisionITInc
102048347,bryanwb
1648287344,LauShyhTzer
113738376,jonathanlevison
52723580,dbtsai
116058803,rockscar_18
418739374,adoptajsr
443295287,AlMalki_am
17337683,so_on
17505622,tim_linquist
10452222,lrz
14617790,blue64
169827965,usr_bin_rocky
235096673,ksu006
271918166,john_oldfield
92578272,aviroopnag
1003249579,katestull
169008763,GSantomaggio
18816373,znurgl
9989362,headius
75081747,highscal
38913594,jaceklaskowski
108263960,arnejoergensen
563846640,_MarkDavison_
250991257,bdeanjenkins
18210168,Librato
15553667,bentatham
615651548,AlexBergeron2
80388261,hdacostac
1610060696,TonyaRaeMoore
865138687,TobiasRoeser
17429881,vogella
170174039,DukeAMO
2375844330,scaladays
85004647,aditya_satrio
71772209,benjaminbramley
61198301,BeJUG
16397446,anguenot
61233112,rfletcherEW
563961314,DrMarkCLewis
16887172,jbaruch
17939865,kingsnorth66
15670373,bpsmit28
14292054,neilellis
12614742,testobsessed
14316621,newuni
13347922,maneo
103221947,basavesht
17843597,sobychacko
36632243,danielgur
43066895,teliatko
114321999,michaelwattsun
1685584081,AltamuraClaudio
7208132,eyalherlin
1633879496,DanielShaya
15817820,javajuneau
26484025,napcoder
146353175,rladstaetter
11736092,seriocomic
92991802,PaulSandoz
86378903,ivanjunckes
15527007,newrelic
18335139,dandreadis
15154258,vvpreetham
993159044,e_tomeo
2748548970,moru0011
2226024468,jordan_ballew
97446260,stefanofago
1554524178,FDewaste
77451357,hirt
18603483,tboeghk
114758167,CloudBees
7746742,jorgaf
23504295,turgaykivrak
88193411,gvsmirnov
71555201,CodingFabian
157928875,iNikem
1012066448,rainforestqa
131558161,ntcoding
15709223,geveo
8504392,timarmandpour
296097135,bdupreez
396032849,eavsarogullari
71331979,CoverosGene
14162967,trisha_gee
221733351,yunglinho
14052358,gclaramunt
84955585,aboussaidi
7617702,mjasay
90821051,aslakknutsen
174651067,jlamigueiro
2339397540,AtomEditor
18337218,carldea
11263102,awadallah
17849802,frosch95
296795498,gerzenstl
22386062,steveklabnik
1715843738,moniquemtucker
72476848,OnSoftware
15879185,soulmachine
14281790,NicoPennec
16145438,reza_rahman
15059982,syun
7832732,otrajman
37418699,danielbryantuk
45573701,sascha_d
9630822,bsletten
7990412,scttw
7670912,BeepDog
1320161,lsinger
26195318,ertugrulyilmaz
96215367,RobertReiz
14787614,annastei
39849830,zirconias
26328215,javaBin
91443323,taggiasco
458200646,amit0623
268309237,RemkoPopma
105200459,hanakara_milk
121238070,IgnasiBarrera
206645598,javinpaul
1038110960,atsticks
33070318,kevinseaman
4027691,kmizu
2677029513,bennetelli
15295946,mrt1nz
80101861,ivmos
808731920,stroblchristoph
15148494,javazone
1371964652,thjanssen123
1590526945,piyushmagarwal
170364692,dasniko
7748942,vanriper
15611351,_wee_
15166940,mutexkid
150253007,shivkumarsah
48443,jeffbarr
299990239,TurkJava
34578254,opinali
17335370,mithfindel
17448002,mhamrah
113073137,D_Roch
16375220,alexander_orlov
4484361,mabegon
26555611,jhclark_lti
100538545,hsuijs
190780942,xpinjection
1465713164,tzofias
16739757,steveonjava
102576974,el_raze
141737249,loicknuchel
947248417,sam_de_backer
14085504,sghill
14148993,davidillsley
1157046703,KrzysztofMiksa
19414130,sjourdan
43896774,jkodumal
1413140838,akullpp
14636418,mittie
163228903,rozznet
14441858,glaforge
18072691,janvanhoef
47378354,KevlinHenney
266128061,mihaisoloi
19874892,seankandel
14413240,arschles
20368466,janolaveide
954529153,CoverMyTweets
1734842881,JEE_Architect
389659217,nulledd
423851051,Bsilverstrim77
62281439,ezhulenev
63162031,serkan_ozal
9061862,uudashr
208709888,VidhyaJava
10626512,cyetain
185732705,heinzkabutz
1017428432,lenadroid
225169437,RealWittenstein
65177237,nicolas_frankel
12078532,codylindley
18838687,kittylyst
36470700,javawithjiva
557685948,andersnystrom83
20550840,ckvitka
53321388,shelajev
406891970,JavaPlumbr
15312235,svenloth
16067953,jponge
313003820,RichardWarburto
1140795000,Scalabitz
95623227,ChristinGorman
128207406,bouquetf
47318873,xavips
159996933,bartekzdanowski
227260421,baeldung
368787573,jmanzanomorilla
17712257,rxin
298759262,englebertv
189968067,jpbempel
1068984866,JustinJasmann
781492994,amitrph
17142930,courtneynash
1829191837,michal_zmuda
22738113,yakticus
190633664,tweets_so_fresh
92168419,darktecky
36337591,LyonJUG
59911693,bsdrum
59405845,veit_weber
14206328,myfear
25451553,diego_pacheco
14796100,conikeec
15480135,fabianenardon
18218169,tenfourty
9774392,de_jan
16168280,TrevorReznik
2301721729,AndyGeeDe
73277931,jcamilodo
39694308,bayborodin
20495490,ivomagi
9555242,tobarme
91166928,paulgoldbaum
34355123,dblevins
146371960,JugRoma
200470064,michalgruca
18271443,chris__martin
326217398,AdamRMurray
234362929,mjpt777
15279396,dohque
4324751,starbuxman
13368602,jhannes
84043985,micahstubbs
574752666,danielme_com
13604142,chrismatthieu
21845163,SlevinBE
2506459266,HerrmannHolger
93954161,aroetter
199239176,jimmyvPSU
2184052675,LitalHassine
1296335018,CodeTutr
73447823,ArturoAlfaro
112137024,aloiscochard
150965520,s_schnieders
16532750,_dagi
15187218,schlining
1334366832,swapnil9sawant
179883843,Maastiff
787800840,suezzun
15740173,StaufferJames
41518200,coralma
1968872280,krasinski_
82973425,mpmselenic
155787085,devoldmx
146136752,abretet
212167328,toulousejug
5989982,ingramchen
176815247,dba_hba
41118836,eyal__b
153427757,goStormpath
96959436,mikeb2701
6456942,tmjee
14073560,InfoQ
14079705,littleidea
92605333,asicfr
56309066,anoppe
7698,marius
50201837,janpeuker
56737140,marcomontel
150990569,RobinVerl
18294529,srisatish
7736942,botchagalupe
14278336,JavaOneConf
56370503,CEPitchford
222663512,seratch
14675650,dragnot
564766600,razpeitia_
187790611,JDesconectado
1408507346,ArturCorreia10
36299791,parisjug
124875095,hmammana
14886596,joemckendrick
63475168,tobnee
52684835,ryanlecompte
4527941,mrichtel
38820433,richsummerhayes
50181887,prblmsolver
28544187,RayRoestenburg
19496741,wmschott
103023146,phillip_webb
804381,ClintCombs
15781602,imbees
10826422,ironfish
13795782,trevormarshall
17865222,OlegYch
17211920,Lalitn
25850256,malamut
15481072,shaunconnolly
9153942,everpeace
78719121,Doyuski
61129349,hrobi
207650884,yfrogsocial
23971403,adriancolyer
15213007,jeremyg484
18110521,aldosoft
35743505,scalabase
18894353,fisched
67843385,costinl
44837780,peetersn
38184063,apiplani
15285715,cbeams
571202103,Medium
20066062,jameshbarton
22270574,markpollack
1183853520,CaltrainStatus
536772025,StewOConnor
18267994,killianm
78920186,kenrugg
50510925,charlesbeeler
36405625,benalexau
38464793,pjasek
47522435,CraigandDD
478519250,PLT_Borat
14846645,royclarkson
43735747,michaelclopez
14419328,rafaeldff
327071779,matthiasnehlsen
47494539,kellabyte
10650562,chanezon
18675320,m_f_
85144437,kvnwbbr
28621522,_smalls_
6145332,TimSporcic
4216361,dalmaer
17238636,tigerclub
443201797,knight_cloud
16490888,Yuan_W
2453916726,scala_sbt
14723733,scothis
16866423,timkirk5
8261382,dcbriccetti
24999933,MichaelPNash
73440995,fortispartners
21412288,Mommyshark
442100181,iufye
36700606,SimmsDev
20088765,jsoltero
19262901,DMLyons
16213093,lmaugustin
1100185856,Iterable
548301113,larsr_h
35058318,pcooperellis
14430021,mpilquist
41682913,jmcgraw_ca
15899501,unscriptable
14520642,MikeDeVries51
22902780,lutzhuehnken
297346331,realm
14842694,kanterov
16263774,cdupuis
74727123,ChrisPurpura
12130832,pandamonial
17465763,_grego
16871339,johnkwaters
22852855,jaymacintosh
15628890,guyro
18294689,ahjohannessen
54471043,TDBenton_88
137840520,SethTisue
19878288,ImageShack
15989043,bgalbs
7078572,habuma
19789294,exectweets
14723621,jencompgeek
15307308,facetnated
25536835,wendyperilli
6998432,DivaDanese
187074794,47deg
14075928,TheOnion
15392057,johnrrymer
74633126,craigfalkenhage
36053,alderete
26792015,cruzntopdown
24979621,brianevans33
54490597,ktosopl
71643,briancavalier
36093693,wattersjames
456808166,Caltrain_News
22066318,longmann
10087032,caltrain
23474565,OmegaTeaching
17412589,martinlippert
5935792,derekcollison
2274934645,typesafe2gether
18927821,herrod
14159158,jerrychen
38427300,j_brisbin
235621349,calncal
15409179,andy_clement
24328066,shaileshagarwal
14262063,crichardson
7134102,AxelS
14317345,jschein
37452999,guitarman3
30341424,kipsigman
546313,dehora
26763164,patriot1burke
462786448,TopTenWeb
13283532,adrian_trenaman
9381512,jbeda
9267332,rtomayko
2126891,philipdodds
281961666,fusefabric
16112359,jmeritt
588938505,yeoman
14437064,plightbo
14566603,jessewilson
14255813,mdennis
14583491,jasoncarreira
14065864,rpetersen
16270041,poutsma
8074842,credmp
15735507,rayploski
45603,obie
14483705,scottcranton
11816592,jeremynorris
16669912,nmcl
14459642,jasondillon
17467170,ErichGamma
984492164,hawtio
14813896,joecrean
10167472,willemjiang
8300112,IgorMinar
66613,jdrumgoole
5684,dandiep
207673942,KaiWaehner
14542053,zohar_melamed
18911002,pax95
14760157,noah_white
334678478,project_kotlin
11327,flynch
3990141,liqweed
6004762,gianugo
18318677,bigdata
3814521,grahamglass
34574411,smaldini
57413,jeffrschneider
43593,mbostock
667713,osi
27554793,dustyp
17776988,andreasgies
1235521,timbray
15982247,timfox
14140034,akafred
18996095,alesj
5519412,richsharples
90286855,changelog
765548,hmason
202230373,angularjs
1363954470,camelone2013
30214566,SeleniumHQ
15903390,graemerocher
6300172,mrowe
18744691,addvin
20147549,stevegaines
14120120,cromwellian
133191041,jorgescala
553090178,gruntjs
3093591,snoopdave
46957751,nathanmarz
15179879,davidbosschaert
7739632,debdeb
20942256,maniksurtani
36383929,spyced
119024524,jdrawlings
13925952,chris_stevenson
2371761,distobj
41575148,daggerrz
19063220,JerryPreissler
255617445,worrydream
11781162,mcannonbrookes
6186692,pragdave
79766620,cmoulliard
14840447,SafariWatir
3596971,mk
15425141,cdegroot
244131858,christianposta
7599312,ghohpe
6707392,sstephenson
14720073,gdaniels
14219378,bguijt
12947062,mherrick66
71341812,SachaLabourey
5674722,dims
14529122,kevinb9n
10260572,iona_tech
53953,cote
1383021229,ReactiveX
24881598,ominor
15144994,gashcrumb
19832811,svenefftinge
657613,carlfish
15430177,johnlindquist
6614702,jmettraux
12548722,cpurdy
175301821,freemanfang
6223502,DebM
18158023,benjsperry
11177592,talios
14161920,heyongqiang
536177964,paolo_antinori_
42103896,jimmidyson
83027496,scalagwt
19614198,fusenews
488507390,markjohndoyle
323389863,rmannibucau
12354142,DeanPowell
2384071,timoreilly
15813140,googlecloud
5840062,gregrluck
18084858,asheshbadani
1379071,joewalker
67627756,notedoo
15873049,shaberman
14161459,pmorelli
2893825683,Microborat
25915748,FakeSteveJobs
6832792,jmesnil
19839966,hudsonlee
14491180,gnodet
71009993,plmuir
130801983,3viewer
14475305,rajdavies
19334097,sbtourist
17217535,jgenender
851768774,ahejlsberg
809233214,typescriptlang
11975102,nataliehb
1920791,dsmoniker
108598135,iocanel
61166763,kirkwy
2318,JeffSchilling
1577134350,ro14nd
14431692,emmanuelbernard
71807318,sully6768
18085889,defapply
14100929,dckc
6959472,j6wbs
14789629,googleio
778518,progrium
48626683,lhein77
27427004,joelicious
15205832,logemann
6167422,ccustine
9551792,solomonstre
21694056,matthicksj
144894853,CoffeeScript
10316212,ersiner
119680527,3viewHD
14457324,rossmason
244442016,abreslav
61233,monkchips
8512432,jlorenzen
5325152,stilkov
124036182,pythondj
9081272,fielding
123323498,jashkenas
15003095,gtwittest
10441132,jeffyuchang
668473,sampullara
1689391,joshkaufman
14985170,ceki
8446902,oisin
186111008,jolokia_jmx
40001881,philipmilne
14937567,neelan
14474209,gertv
9306032,jvanzyl
52543,lightsmith
18430554,mpiech
79138290,jbossasylum
292673,maguro
112418298,activeblaze
29255412,tjholowaychuk
16049061,cliffschmidt
9366492,bobmcwhirter
6620982,rmisek
12830102,jlouis666
348602269,alexsotob
14134156,treeder
33727328,patentlyfalse
19740750,psliwkowski
18498684,wefollow
9681402,twtooltrack
14640565,brendandburns
6664462,vmassol
15003016,gtwitnews
6586122,euxx
97607358,scalaclass
207474989,jon_anstey
9720292,hashtags
1967601206,InfluxDB
165715091,livereload
2290001,tobrien
4474161,ajsutton
12370372,phunt
22227497,plinskey
94596830,doitpad
6648292,zaphgod
6202332,thommay
267055721,mielket
13192,avibryant
3108426954,kubernetesweek
8392972,jakekorab
21744326,adrianfcole
97418307,tombaeyens
17832605,dejanb
18727058,laforge49
15784290,jtdavies
10199822,flamefew
13816132,ekabanov
123549381,RguigSaad
9049362,geirmagnusson
7144432,diongillard
17899663,davsclaus
90913482,simonebordet
15076675,stephanosbacon
6056442,fluxe
1482161,olleolleolle
2886591398,kismatic
13493602,raulvk
6879192,billynewport
14227306,nodet
8612662,robbiev
1282981,nicpillinger
531428881,brackets
183138647,buzdin
14681377,burke_eric
142758727,gittower
42936650,robertharrop
34196417,daindumb
15117101,dcbyron
92356686,gracelessblog
31333390,bradsdavis
614873,analytically
113388819,KurtStam
14306062,kohsukekawa
6141832,cshirky
14318351,kenhorn
15206206,uri1803
14796095,wendydevolder
19599604,JWhitehurst
1581511,macrumorslive
14140680,jackjack_attack
14176056,the_k_man
5794232,4vgacias
599669340,rashidkpc
2216901,brettporter
30668852,fbricon
2439889542,grafana
48184627,rettori
13098282,ddunwoody
19720413,hiramchirino
4249521,brianm
5874092,protocol7
89984683,rkettelerij
68430829,clebertsuconic
14563623,dhanji
7303572,erictj
6630302,paulrbrown
14738204,cbeust
9181042,TheSteve0
9070452,jimweirich
23026527,CoachTimHawkins
17372938,jimseverino
11079342,hitsthings
817152,i386
161459089,hobos_delight
14243030,scottfarkas
169838092,samantharudman
15250685,although
130794972,pennozewyatt
1614851,fumpT
12830,boagworld
200653266,mandubian
82319042,ifalcy
341944914,PetedeZwart
546662051,PlayBerlinUG
283910874,scottagroom
13027582,wrunt
14174946,drewylui
8695992,linode
229350293,j_hinch
914017339,h_winter87
7127592,jonoabroad
41331774,totally_unknown
6583852,spudbean
367183,200ok
152819537,Erin_McCoy
37078138,goody_man
6809652,knecht_andreas
172665887,a_brightman
292929836,TheRealEdDawson
537015390,workatworkbench
15508145,keithjbaker
14175933,ericdalgliesh
15260815,athempel
1564739886,PlayAtSO
43096315,RichardJAtkins
1258081,simonbrown
15684762,chris_bc
165076897,bennygibbons
68700768,stpaulsch
61440976,gerni77
13925972,cathyblabla
47729241,jnewell92
14288985,njm
9910292,PeterTomlins
14328412,chromosundrift
95725372,realreyez
515131965,jim_sammy
258400748,jco
14957167,olafk
541012657,devbliss
3852971,broady
9611782,samhaldane
196487982,simonpcj
2346525504,it_marshall
79345703,seantbrady
10483202,pamelafox
579868210,Melanie_E_Oxley
15360591,matthewjensen
23008249,jbedo
794784,jamezpolley
330691867,rmmeans
69146796,JulieBate
13142652,jasonberry
17532863,meJoris
183150175,yoalwinc
15935566,beckythebest
865797924,entry29
154404340,timmaxcoll
53848574,emkgough
171047677,trendbrend
147357190,itsEricCheung
53255138,junga83
1447641,GeorgiCodes
7048382,miknight
1240466215,nslater
9159762,niick
25669988,jamesjw
15023105,davman
14894598,mylescarrick
22089150,ice_org_au
1489668666,ScalaSyd
161176938,fabiankraemer
208442526,Philae2014
131395879,sydjs
721180687,beth_e_roper
4688051,sleberrig
13130812,rowdyrabbit
313020510,iangrunert
17508849,danflec
17796622,ihatepeas
19743274,kannonboy
44327341,inkytonik
15591396,sarahsez
106940242,samthebridge
35171605,lukebeeton
14092761,tarkasteve
237160749,CraigPetchell
14162376,jespern
14687218,delitescere
6395762,adsci
101653,diversionary
14541762,dragonhaunt
176618925,robertmassaioli
360354900,adrian_lee1
15045079,ozgwei
14827998,tgdavies
16833087,perfragemann
139925271,Ro_Tombs
4928781,twalve
514898916,britishcarlfish
249643963,andymburu
73495355,peterleschev
3749221,stefansaasen
258542091,maxcollison
25593568,MarsHillcafe
24324120,sidneyshek
145867738,iamnotyourbroom
27776714,hijosh
116151704,Rory_ford
211485679,Geffro150
699263,davecheney
471103848,b_mary_
154832966,robdural
4309311,michaelneale
18964128,smeegs
167742077,mattcbond
16492920,darthted
391759569,JohnGray_CHill
54436023,littlelifelines
355462310,Ali_M_Robinson
21188300,mattw_watson
16126822,nicolasleroux
26658319,rioter
735633,mrspeaker
652693,jusk
1024401,rmanalan
135898553,greenrocked
7026632,tmoore
41682907,fcuozzo
